{
  "debug": true,
  "steps": [
    {
      "step": 1,
      "num_items": 2,
      "num_chunks": 1,
      "chunks": [
        {
          "chunk_idx": 0,
          "num_triads_in_chunk": 2,
          "time_sec": 0.0045624859994859435,
          "mem_before_mb": 258.75,
          "mem_after_mb": 258.95703125
        }
      ],
      "time_sec": 0.004637156000171672,
      "mem_before_mb": 258.75,
      "mem_after_mb": 258.95703125
    }
  ]
}