{
  "debug": true,
  "steps": [
    {
      "step": 1,
      "num_items": 2,
      "num_chunks": 1,
      "chunks": [
        {
          "chunk_idx": 0,
          "num_triads_in_chunk": 2,
          "time_sec": 0.1747444870002255,
          "mem_before_mb": 307.7890625,
          "mem_after_mb": 325.19921875
        }
      ],
      "time_sec": 0.17486838700006047,
      "mem_before_mb": 307.7890625,
      "mem_after_mb": 325.19921875
    }
  ]
}