{
  "debug": true,
  "steps": [
    {
      "step": 1,
      "num_items": 2,
      "num_chunks": 1,
      "chunks": [
        {
          "chunk_idx": 0,
          "num_triads_in_chunk": 2,
          "time_sec": 0.10681356399982178,
          "mem_before_mb": 240.10546875,
          "mem_after_mb": 239.96875
        }
      ],
      "time_sec": 0.10690086299837276,
      "mem_before_mb": 240.10546875,
      "mem_after_mb": 239.96875
    }
  ]
}