{
  "debug": true,
  "steps": [
    {
      "step": 1,
      "num_items": 2,
      "num_chunks": 1,
      "chunks": [
        {
          "chunk_idx": 0,
          "num_triads_in_chunk": 2,
          "time_sec": 0.14733981999961543,
          "mem_before_mb": 236.88671875,
          "mem_after_mb": 236.18359375
        }
      ],
      "time_sec": 0.147451099999671,
      "mem_before_mb": 236.88671875,
      "mem_after_mb": 236.18359375
    }
  ]
}